type	result
AUC	0.787545787545788
SENS	0.952380952380952
SPEC	0.615384615384615
