type	result
AUC	0.758241758241758
SENS	0.476190476190476
SPEC	0.769230769230769
