mtry	ROC	Sens	Spec	ROCSD	SensSD	SpecSD
3	0.845576923076923	0.828846153846154	0.766666666666667	0.092922333805481	0.129780031098692	0.15839647465989
