site	prob
Diet	0.125
Skin	4.41768710659578e-14
Twins	0.546875
DietAnosim	0.008
AS	1
